<?xml version="1.0" encoding="utf-8"?>
<bundle name="Affiliate Pilot">
  <domain name="affpilot-tpl">
    <project name="Affiliate Pilot Frontend" slug="affpilot-tpl">
      <source>
        <directory>.</directory>
      </source>
      <target>
        <directory>languages/tpl</directory>
      </target>
      <template locked="true">
        <file>languages/tpl/affpilot-tpl.pot</file>
      </template>
    </project>
  </domain>
  <domain name="affpilot">
    <project name="Affiliate Pilot Admin" slug="affpilot">
      <source>
        <directory>.</directory>
      </source>
      <target>
        <directory>languages</directory>
      </target>
      <template>
        <file>languages/affpilot.pot</file>
      </template>
    </project>
  </domain>
</bundle>